iter	MultiClass
0	0.3668273682
1	0.2274260769
2	0.3771782489
3	0.2466950263
4	0.382260937
5	0.2581004155
